{
    "perf_metric": "acc",
    "avg_train_perf": [
        0.8953125,
        0.8796875,
        0.928125,
        0.94765625,
        0.95859375,
        0.97734375,
        0.97734375,
        0.98359375,
        0.99765625,
        0.99921875,
        1.0,
        1.0,
        1.0,
        1.0,
        1.0
    ],
    "avg_eval_perf": [
        0.6519999921321868,
        0.6134166717529297,
        0.653083336353302,
        0.6599166631698609,
        0.664166659116745,
        0.65,
        0.6523333251476288,
        0.6553333342075348,
        0.6538333356380462,
        0.6523333311080932,
        0.65174999833107,
        0.6520833313465119,
        0.6514999985694885,
        0.6512499988079071,
        0.651583331823349
    ]
}