{
    "perf_metric": "acc",
    "avg_train_perf": [
        0.82890625,
        0.89921875,
        0.896875,
        0.95546875,
        0.9375,
        0.91015625,
        0.9421875,
        0.9625,
        0.96796875,
        0.96875
    ],
    "avg_eval_perf": [
        0.6153333425521851,
        0.6526666641235351,
        0.640666663646698,
        0.636000007390976,
        0.6451666593551636,
        0.6579999983310699,
        0.6600833296775818,
        0.6567499935626984,
        0.6386666655540466,
        0.6525833308696747
    ]
}